feature_column,final_index,original_index,feature_name
feature_0,0,0,meanNN
feature_1,1,1,stdNN
feature_2,2,2,cvNN
feature_3,3,3,pNN50
feature_4,4,4,mean_diff1
feature_5,5,5,std_abs_diff1
feature_6,6,6,RMSSD
feature_7,7,8,nMAE1_diff1
feature_8,8,11,HF
feature_9,9,12,HF_norm
feature_10,10,13,LF
feature_11,11,14,LF_norm
feature_12,12,15,LF_HF_ratio
feature_13,13,16,VLF
feature_14,14,17,MSPE_scale1
feature_15,15,18,MSPE_scale2
feature_16,16,19,MSPE_scale3
feature_17,17,20,MSPE_scale4
feature_18,18,21,MSPE_scale5
feature_19,19,22,MSMPE_scale1
feature_20,20,23,MSMPE_scale2
feature_21,21,24,MSMPE_scale3
feature_22,22,25,MSMPE_scale4
feature_23,23,26,MSMPE_scale5
feature_24,24,27,PE_dw
feature_25,25,28,DS1_scale3
feature_26,26,29,DS1_scale4
feature_27,27,30,DS1_scale5
feature_28,28,31,DS2_scale3
feature_29,29,32,DS2_scale4
feature_30,30,33,DS2_scale5
feature_31,31,34,DS1_diff1_1
feature_32,32,35,DS1_diff1_2
feature_33,33,36,DS2_diff1_1
feature_34,34,37,DS2_diff1_2
feature_35,35,38,DS1_sum
feature_36,36,39,DS2_sum
feature_37,37,40,dMSPE_scale1
feature_38,38,41,dMSPE_scale2
feature_39,39,42,dMSPE_scale3
feature_40,40,43,dMSPE_scale4
feature_41,41,44,dMSPE_scale5
feature_42,42,45,dMSMPE_scale1
feature_43,43,46,dMSMPE_scale2
feature_44,44,47,dMSMPE_scale3
feature_45,45,48,dMSMPE_scale4
feature_46,46,49,dMSMPE_scale5
feature_47,47,50,dPE_dw
feature_48,48,51,dDS1_scale3
feature_49,49,52,dDS1_scale4
feature_50,50,53,dDS1_scale5
feature_51,51,54,dDS2_scale3
feature_52,52,55,dDS2_scale4
feature_53,53,56,dDS2_scale5
feature_54,54,57,dDS1_diff1_1
feature_55,55,58,dDS1_diff1_2
feature_56,56,59,dDS2_diff1_1
feature_57,57,60,dDS2_diff1_2
feature_58,58,61,dDS1_sum
feature_59,59,62,dDS2_sum
feature_60,60,63,total_asym_idx
