Index,Feature_Name
0,meanNN_mean
1,stdNN_mean
2,cvNN_mean
3,pnn50_mean
4,mean_diff1_mean
5,std_abs_diff1_mean
6,rmssd_mean
7,nmae1_diff1_mean
8,hf_mean
9,hf_norm_mean
10,lf_mean
11,lf_norm_mean
12,lf_hf_ratio_mean
13,vlf_mean
14,mspe_s1_mean
15,mspe_s2_mean
16,mspe_s3_mean
17,mspe_s4_mean
18,mspe_s5_mean
19,msmpe_s1_mean
20,msmpe_s2_mean
21,msmpe_s3_mean
22,msmpe_s4_mean
23,msmpe_s5_mean
24,PE_dw_mean
25,ds1_s1_mean
26,ds1_s2_mean
27,ds1_s3_mean
28,ds2_s1_mean
29,ds2_s2_mean
30,ds2_s3_mean
31,ds1_diff1_1_mean
32,ds1_diff1_2_mean
33,ds2_diff1_1_mean
34,ds2_diff1_2_mean
35,ds1_sum_mean
36,ds2_sum_mean
37,dmspe_s1_mean
38,dmspe_s2_mean
39,dmspe_s3_mean
40,dmspe_s4_mean
41,dmspe_s5_mean
42,dmsmpe_s1_mean
43,dmsmpe_s2_mean
44,dmsmpe_s3_mean
45,dmsmpe_s4_mean
46,dmsmpe_s5_mean
47,dPE_dw_mean
48,dds1_s1_mean
49,dds1_s2_mean
50,dds1_s3_mean
51,dds2_s1_mean
52,dds2_s2_mean
53,dds2_s3_mean
54,dds1_diff1_1_mean
55,dds1_diff1_2_mean
56,dds2_diff1_1_mean
57,dds2_diff1_2_mean
58,dds1_sum_mean
59,dds2_sum_mean
60,total_asym_idx_mean
61,meanNN_std
62,stdNN_std
63,cvNN_std
64,pnn50_std
65,mean_diff1_std
66,std_abs_diff1_std
67,rmssd_std
68,nmae1_diff1_std
69,hf_std
70,hf_norm_std
71,lf_std
72,lf_norm_std
73,lf_hf_ratio_std
74,vlf_std
75,mspe_s1_std
76,mspe_s2_std
77,mspe_s3_std
78,mspe_s4_std
79,mspe_s5_std
80,msmpe_s1_std
81,msmpe_s2_std
82,msmpe_s3_std
83,msmpe_s4_std
84,msmpe_s5_std
85,PE_dw_std
86,ds1_s1_std
87,ds1_s2_std
88,ds1_s3_std
89,ds2_s1_std
90,ds2_s2_std
91,ds2_s3_std
92,ds1_diff1_1_std
93,ds1_diff1_2_std
94,ds2_diff1_1_std
95,ds2_diff1_2_std
96,ds1_sum_std
97,ds2_sum_std
98,dmspe_s1_std
99,dmspe_s2_std
100,dmspe_s3_std
101,dmspe_s4_std
102,dmspe_s5_std
103,dmsmpe_s1_std
104,dmsmpe_s2_std
105,dmsmpe_s3_std
106,dmsmpe_s4_std
107,dmsmpe_s5_std
108,dPE_dw_std
109,dds1_s1_std
110,dds1_s2_std
111,dds1_s3_std
112,dds2_s1_std
113,dds2_s2_std
114,dds2_s3_std
115,dds1_diff1_1_std
116,dds1_diff1_2_std
117,dds2_diff1_1_std
118,dds2_diff1_2_std
119,dds1_sum_std
120,dds2_sum_std
121,total_asym_idx_std
122,meanNN_cv
123,stdNN_cv
124,cvNN_cv
125,pnn50_cv
126,mean_diff1_cv
127,std_abs_diff1_cv
128,rmssd_cv
129,nmae1_diff1_cv
130,hf_cv
131,hf_norm_cv
132,lf_cv
133,lf_norm_cv
134,lf_hf_ratio_cv
135,vlf_cv
136,mspe_s1_cv
137,mspe_s2_cv
138,mspe_s3_cv
139,mspe_s4_cv
140,mspe_s5_cv
141,msmpe_s1_cv
142,msmpe_s2_cv
143,msmpe_s3_cv
144,msmpe_s4_cv
145,msmpe_s5_cv
146,PE_dw_cv
147,ds1_s1_cv
148,ds1_s2_cv
149,ds1_s3_cv
150,ds2_s1_cv
151,ds2_s2_cv
152,ds2_s3_cv
153,ds1_diff1_1_cv
154,ds1_diff1_2_cv
155,ds2_diff1_1_cv
156,ds2_diff1_2_cv
157,ds1_sum_cv
158,ds2_sum_cv
159,dmspe_s1_cv
160,dmspe_s2_cv
161,dmspe_s3_cv
162,dmspe_s4_cv
163,dmspe_s5_cv
164,dmsmpe_s1_cv
165,dmsmpe_s2_cv
166,dmsmpe_s3_cv
167,dmsmpe_s4_cv
168,dmsmpe_s5_cv
169,dPE_dw_cv
170,dds1_s1_cv
171,dds1_s2_cv
172,dds1_s3_cv
173,dds2_s1_cv
174,dds2_s2_cv
175,dds2_s3_cv
176,dds1_diff1_1_cv
177,dds1_diff1_2_cv
178,dds2_diff1_1_cv
179,dds2_diff1_2_cv
180,dds1_sum_cv
181,dds2_sum_cv
182,total_asym_idx_cv
183,meanNN_median
184,stdNN_median
185,cvNN_median
186,pnn50_median
187,mean_diff1_median
188,std_abs_diff1_median
189,rmssd_median
190,nmae1_diff1_median
191,hf_median
192,hf_norm_median
193,lf_median
194,lf_norm_median
195,lf_hf_ratio_median
196,vlf_median
197,mspe_s1_median
198,mspe_s2_median
199,mspe_s3_median
200,mspe_s4_median
201,mspe_s5_median
202,msmpe_s1_median
203,msmpe_s2_median
204,msmpe_s3_median
205,msmpe_s4_median
206,msmpe_s5_median
207,PE_dw_median
208,ds1_s1_median
209,ds1_s2_median
210,ds1_s3_median
211,ds2_s1_median
212,ds2_s2_median
213,ds2_s3_median
214,ds1_diff1_1_median
215,ds1_diff1_2_median
216,ds2_diff1_1_median
217,ds2_diff1_2_median
218,ds1_sum_median
219,ds2_sum_median
220,dmspe_s1_median
221,dmspe_s2_median
222,dmspe_s3_median
223,dmspe_s4_median
224,dmspe_s5_median
225,dmsmpe_s1_median
226,dmsmpe_s2_median
227,dmsmpe_s3_median
228,dmsmpe_s4_median
229,dmsmpe_s5_median
230,dPE_dw_median
231,dds1_s1_median
232,dds1_s2_median
233,dds1_s3_median
234,dds2_s1_median
235,dds2_s2_median
236,dds2_s3_median
237,dds1_diff1_1_median
238,dds1_diff1_2_median
239,dds2_diff1_1_median
240,dds2_diff1_2_median
241,dds1_sum_median
242,dds2_sum_median
243,total_asym_idx_median
244,meanNN_min
245,stdNN_min
246,cvNN_min
247,pnn50_min
248,mean_diff1_min
249,std_abs_diff1_min
250,rmssd_min
251,nmae1_diff1_min
252,hf_min
253,hf_norm_min
254,lf_min
255,lf_norm_min
256,lf_hf_ratio_min
257,vlf_min
258,mspe_s1_min
259,mspe_s2_min
260,mspe_s3_min
261,mspe_s4_min
262,mspe_s5_min
263,msmpe_s1_min
264,msmpe_s2_min
265,msmpe_s3_min
266,msmpe_s4_min
267,msmpe_s5_min
268,PE_dw_min
269,ds1_s1_min
270,ds1_s2_min
271,ds1_s3_min
272,ds2_s1_min
273,ds2_s2_min
274,ds2_s3_min
275,ds1_diff1_1_min
276,ds1_diff1_2_min
277,ds2_diff1_1_min
278,ds2_diff1_2_min
279,ds1_sum_min
280,ds2_sum_min
281,dmspe_s1_min
282,dmspe_s2_min
283,dmspe_s3_min
284,dmspe_s4_min
285,dmspe_s5_min
286,dmsmpe_s1_min
287,dmsmpe_s2_min
288,dmsmpe_s3_min
289,dmsmpe_s4_min
290,dmsmpe_s5_min
291,dPE_dw_min
292,dds1_s1_min
293,dds1_s2_min
294,dds1_s3_min
295,dds2_s1_min
296,dds2_s2_min
297,dds2_s3_min
298,dds1_diff1_1_min
299,dds1_diff1_2_min
300,dds2_diff1_1_min
301,dds2_diff1_2_min
302,dds1_sum_min
303,dds2_sum_min
304,total_asym_idx_min
305,meanNN_max
306,stdNN_max
307,cvNN_max
308,pnn50_max
309,mean_diff1_max
310,std_abs_diff1_max
311,rmssd_max
312,nmae1_diff1_max
313,hf_max
314,hf_norm_max
315,lf_max
316,lf_norm_max
317,lf_hf_ratio_max
318,vlf_max
319,mspe_s1_max
320,mspe_s2_max
321,mspe_s3_max
322,mspe_s4_max
323,mspe_s5_max
324,msmpe_s1_max
325,msmpe_s2_max
326,msmpe_s3_max
327,msmpe_s4_max
328,msmpe_s5_max
329,PE_dw_max
330,ds1_s1_max
331,ds1_s2_max
332,ds1_s3_max
333,ds2_s1_max
334,ds2_s2_max
335,ds2_s3_max
336,ds1_diff1_1_max
337,ds1_diff1_2_max
338,ds2_diff1_1_max
339,ds2_diff1_2_max
340,ds1_sum_max
341,ds2_sum_max
342,dmspe_s1_max
343,dmspe_s2_max
344,dmspe_s3_max
345,dmspe_s4_max
346,dmspe_s5_max
347,dmsmpe_s1_max
348,dmsmpe_s2_max
349,dmsmpe_s3_max
350,dmsmpe_s4_max
351,dmsmpe_s5_max
352,dPE_dw_max
353,dds1_s1_max
354,dds1_s2_max
355,dds1_s3_max
356,dds2_s1_max
357,dds2_s2_max
358,dds2_s3_max
359,dds1_diff1_1_max
360,dds1_diff1_2_max
361,dds2_diff1_1_max
362,dds2_diff1_2_max
363,dds1_sum_max
364,dds2_sum_max
365,total_asym_idx_max
366,meanNN_1quartile
367,stdNN_1quartile
368,cvNN_1quartile
369,pnn50_1quartile
370,mean_diff1_1quartile
371,std_abs_diff1_1quartile
372,rmssd_1quartile
373,nmae1_diff1_1quartile
374,hf_1quartile
375,hf_norm_1quartile
376,lf_1quartile
377,lf_norm_1quartile
378,lf_hf_ratio_1quartile
379,vlf_1quartile
380,mspe_s1_1quartile
381,mspe_s2_1quartile
382,mspe_s3_1quartile
383,mspe_s4_1quartile
384,mspe_s5_1quartile
385,msmpe_s1_1quartile
386,msmpe_s2_1quartile
387,msmpe_s3_1quartile
388,msmpe_s4_1quartile
389,msmpe_s5_1quartile
390,PE_dw_1quartile
391,ds1_s1_1quartile
392,ds1_s2_1quartile
393,ds1_s3_1quartile
394,ds2_s1_1quartile
395,ds2_s2_1quartile
396,ds2_s3_1quartile
397,ds1_diff1_1_1quartile
398,ds1_diff1_2_1quartile
399,ds2_diff1_1_1quartile
400,ds2_diff1_2_1quartile
401,ds1_sum_1quartile
402,ds2_sum_1quartile
403,dmspe_s1_1quartile
404,dmspe_s2_1quartile
405,dmspe_s3_1quartile
406,dmspe_s4_1quartile
407,dmspe_s5_1quartile
408,dmsmpe_s1_1quartile
409,dmsmpe_s2_1quartile
410,dmsmpe_s3_1quartile
411,dmsmpe_s4_1quartile
412,dmsmpe_s5_1quartile
413,dPE_dw_1quartile
414,dds1_s1_1quartile
415,dds1_s2_1quartile
416,dds1_s3_1quartile
417,dds2_s1_1quartile
418,dds2_s2_1quartile
419,dds2_s3_1quartile
420,dds1_diff1_1_1quartile
421,dds1_diff1_2_1quartile
422,dds2_diff1_1_1quartile
423,dds2_diff1_2_1quartile
424,dds1_sum_1quartile
425,dds2_sum_1quartile
426,total_asym_idx_1quartile
427,meanNN_3quartile
428,stdNN_3quartile
429,cvNN_3quartile
430,pnn50_3quartile
431,mean_diff1_3quartile
432,std_abs_diff1_3quartile
433,rmssd_3quartile
434,nmae1_diff1_3quartile
435,hf_3quartile
436,hf_norm_3quartile
437,lf_3quartile
438,lf_norm_3quartile
439,lf_hf_ratio_3quartile
440,vlf_3quartile
441,mspe_s1_3quartile
442,mspe_s2_3quartile
443,mspe_s3_3quartile
444,mspe_s4_3quartile
445,mspe_s5_3quartile
446,msmpe_s1_3quartile
447,msmpe_s2_3quartile
448,msmpe_s3_3quartile
449,msmpe_s4_3quartile
450,msmpe_s5_3quartile
451,PE_dw_3quartile
452,ds1_s1_3quartile
453,ds1_s2_3quartile
454,ds1_s3_3quartile
455,ds2_s1_3quartile
456,ds2_s2_3quartile
457,ds2_s3_3quartile
458,ds1_diff1_1_3quartile
459,ds1_diff1_2_3quartile
460,ds2_diff1_1_3quartile
461,ds2_diff1_2_3quartile
462,ds1_sum_3quartile
463,ds2_sum_3quartile
464,dmspe_s1_3quartile
465,dmspe_s2_3quartile
466,dmspe_s3_3quartile
467,dmspe_s4_3quartile
468,dmspe_s5_3quartile
469,dmsmpe_s1_3quartile
470,dmsmpe_s2_3quartile
471,dmsmpe_s3_3quartile
472,dmsmpe_s4_3quartile
473,dmsmpe_s5_3quartile
474,dPE_dw_3quartile
475,dds1_s1_3quartile
476,dds1_s2_3quartile
477,dds1_s3_3quartile
478,dds2_s1_3quartile
479,dds2_s2_3quartile
480,dds2_s3_3quartile
481,dds1_diff1_1_3quartile
482,dds1_diff1_2_3quartile
483,dds2_diff1_1_3quartile
484,dds2_diff1_2_3quartile
485,dds1_sum_3quartile
486,dds2_sum_3quartile
487,total_asym_idx_3quartile
488,meanNN_skew
489,stdNN_skew
490,cvNN_skew
491,pnn50_skew
492,mean_diff1_skew
493,std_abs_diff1_skew
494,rmssd_skew
495,nmae1_diff1_skew
496,hf_skew
497,hf_norm_skew
498,lf_skew
499,lf_norm_skew
500,lf_hf_ratio_skew
501,vlf_skew
502,mspe_s1_skew
503,mspe_s2_skew
504,mspe_s3_skew
505,mspe_s4_skew
506,mspe_s5_skew
507,msmpe_s1_skew
508,msmpe_s2_skew
509,msmpe_s3_skew
510,msmpe_s4_skew
511,msmpe_s5_skew
512,PE_dw_skew
513,ds1_s1_skew
514,ds1_s2_skew
515,ds1_s3_skew
516,ds2_s1_skew
517,ds2_s2_skew
518,ds2_s3_skew
519,ds1_diff1_1_skew
520,ds1_diff1_2_skew
521,ds2_diff1_1_skew
522,ds2_diff1_2_skew
523,ds1_sum_skew
524,ds2_sum_skew
525,dmspe_s1_skew
526,dmspe_s2_skew
527,dmspe_s3_skew
528,dmspe_s4_skew
529,dmspe_s5_skew
530,dmsmpe_s1_skew
531,dmsmpe_s2_skew
532,dmsmpe_s3_skew
533,dmsmpe_s4_skew
534,dmsmpe_s5_skew
535,dPE_dw_skew
536,dds1_s1_skew
537,dds1_s2_skew
538,dds1_s3_skew
539,dds2_s1_skew
540,dds2_s2_skew
541,dds2_s3_skew
542,dds1_diff1_1_skew
543,dds1_diff1_2_skew
544,dds2_diff1_1_skew
545,dds2_diff1_2_skew
546,dds1_sum_skew
547,dds2_sum_skew
548,total_asym_idx_skew
549,meanNN_kurt
550,stdNN_kurt
551,cvNN_kurt
552,pnn50_kurt
553,mean_diff1_kurt
554,std_abs_diff1_kurt
555,rmssd_kurt
556,nmae1_diff1_kurt
557,hf_kurt
558,hf_norm_kurt
559,lf_kurt
560,lf_norm_kurt
561,lf_hf_ratio_kurt
562,vlf_kurt
563,mspe_s1_kurt
564,mspe_s2_kurt
565,mspe_s3_kurt
566,mspe_s4_kurt
567,mspe_s5_kurt
568,msmpe_s1_kurt
569,msmpe_s2_kurt
570,msmpe_s3_kurt
571,msmpe_s4_kurt
572,msmpe_s5_kurt
573,PE_dw_kurt
574,ds1_s1_kurt
575,ds1_s2_kurt
576,ds1_s3_kurt
577,ds2_s1_kurt
578,ds2_s2_kurt
579,ds2_s3_kurt
580,ds1_diff1_1_kurt
581,ds1_diff1_2_kurt
582,ds2_diff1_1_kurt
583,ds2_diff1_2_kurt
584,ds1_sum_kurt
585,ds2_sum_kurt
586,dmspe_s1_kurt
587,dmspe_s2_kurt
588,dmspe_s3_kurt
589,dmspe_s4_kurt
590,dmspe_s5_kurt
591,dmsmpe_s1_kurt
592,dmsmpe_s2_kurt
593,dmsmpe_s3_kurt
594,dmsmpe_s4_kurt
595,dmsmpe_s5_kurt
596,dPE_dw_kurt
597,dds1_s1_kurt
598,dds1_s2_kurt
599,dds1_s3_kurt
600,dds2_s1_kurt
601,dds2_s2_kurt
602,dds2_s3_kurt
603,dds1_diff1_1_kurt
604,dds1_diff1_2_kurt
605,dds2_diff1_1_kurt
606,dds2_diff1_2_kurt
607,dds1_sum_kurt
608,dds2_sum_kurt
609,total_asym_idx_kurt
610,meanNN_mean_weighted
611,stdNN_mean_weighted
612,cvNN_mean_weighted
613,pnn50_mean_weighted
614,mean_diff1_mean_weighted
615,std_abs_diff1_mean_weighted
616,rmssd_mean_weighted
617,nmae1_diff1_mean_weighted
618,hf_mean_weighted
619,hf_norm_mean_weighted
620,lf_mean_weighted
621,lf_norm_mean_weighted
622,lf_hf_ratio_mean_weighted
623,vlf_mean_weighted
624,mspe_s1_mean_weighted
625,mspe_s2_mean_weighted
626,mspe_s3_mean_weighted
627,mspe_s4_mean_weighted
628,mspe_s5_mean_weighted
629,msmpe_s1_mean_weighted
630,msmpe_s2_mean_weighted
631,msmpe_s3_mean_weighted
632,msmpe_s4_mean_weighted
633,msmpe_s5_mean_weighted
634,PE_dw_mean_weighted
635,ds1_s1_mean_weighted
636,ds1_s2_mean_weighted
637,ds1_s3_mean_weighted
638,ds2_s1_mean_weighted
639,ds2_s2_mean_weighted
640,ds2_s3_mean_weighted
641,ds1_diff1_1_mean_weighted
642,ds1_diff1_2_mean_weighted
643,ds2_diff1_1_mean_weighted
644,ds2_diff1_2_mean_weighted
645,ds1_sum_mean_weighted
646,ds2_sum_mean_weighted
647,dmspe_s1_mean_weighted
648,dmspe_s2_mean_weighted
649,dmspe_s3_mean_weighted
650,dmspe_s4_mean_weighted
651,dmspe_s5_mean_weighted
652,dmsmpe_s1_mean_weighted
653,dmsmpe_s2_mean_weighted
654,dmsmpe_s3_mean_weighted
655,dmsmpe_s4_mean_weighted
656,dmsmpe_s5_mean_weighted
657,dPE_dw_mean_weighted
658,dds1_s1_mean_weighted
659,dds1_s2_mean_weighted
660,dds1_s3_mean_weighted
661,dds2_s1_mean_weighted
662,dds2_s2_mean_weighted
663,dds2_s3_mean_weighted
664,dds1_diff1_1_mean_weighted
665,dds1_diff1_2_mean_weighted
666,dds2_diff1_1_mean_weighted
667,dds2_diff1_2_mean_weighted
668,dds1_sum_mean_weighted
669,dds2_sum_mean_weighted
670,total_asym_idx_mean_weighted
671,meanNN_std_weighted
672,stdNN_std_weighted
673,cvNN_std_weighted
674,pnn50_std_weighted
675,mean_diff1_std_weighted
676,std_abs_diff1_std_weighted
677,rmssd_std_weighted
678,nmae1_diff1_std_weighted
679,hf_std_weighted
680,hf_norm_std_weighted
681,lf_std_weighted
682,lf_norm_std_weighted
683,lf_hf_ratio_std_weighted
684,vlf_std_weighted
685,mspe_s1_std_weighted
686,mspe_s2_std_weighted
687,mspe_s3_std_weighted
688,mspe_s4_std_weighted
689,mspe_s5_std_weighted
690,msmpe_s1_std_weighted
691,msmpe_s2_std_weighted
692,msmpe_s3_std_weighted
693,msmpe_s4_std_weighted
694,msmpe_s5_std_weighted
695,PE_dw_std_weighted
696,ds1_s1_std_weighted
697,ds1_s2_std_weighted
698,ds1_s3_std_weighted
699,ds2_s1_std_weighted
700,ds2_s2_std_weighted
701,ds2_s3_std_weighted
702,ds1_diff1_1_std_weighted
703,ds1_diff1_2_std_weighted
704,ds2_diff1_1_std_weighted
705,ds2_diff1_2_std_weighted
706,ds1_sum_std_weighted
707,ds2_sum_std_weighted
708,dmspe_s1_std_weighted
709,dmspe_s2_std_weighted
710,dmspe_s3_std_weighted
711,dmspe_s4_std_weighted
712,dmspe_s5_std_weighted
713,dmsmpe_s1_std_weighted
714,dmsmpe_s2_std_weighted
715,dmsmpe_s3_std_weighted
716,dmsmpe_s4_std_weighted
717,dmsmpe_s5_std_weighted
718,dPE_dw_std_weighted
719,dds1_s1_std_weighted
720,dds1_s2_std_weighted
721,dds1_s3_std_weighted
722,dds2_s1_std_weighted
723,dds2_s2_std_weighted
724,dds2_s3_std_weighted
725,dds1_diff1_1_std_weighted
726,dds1_diff1_2_std_weighted
727,dds2_diff1_1_std_weighted
728,dds2_diff1_2_std_weighted
729,dds1_sum_std_weighted
730,dds2_sum_std_weighted
731,total_asym_idx_std_weighted
732,meanNN_cv_weighted
733,stdNN_cv_weighted
734,cvNN_cv_weighted
735,pnn50_cv_weighted
736,mean_diff1_cv_weighted
737,std_abs_diff1_cv_weighted
738,rmssd_cv_weighted
739,nmae1_diff1_cv_weighted
740,hf_cv_weighted
741,hf_norm_cv_weighted
742,lf_cv_weighted
743,lf_norm_cv_weighted
744,lf_hf_ratio_cv_weighted
745,vlf_cv_weighted
746,mspe_s1_cv_weighted
747,mspe_s2_cv_weighted
748,mspe_s3_cv_weighted
749,mspe_s4_cv_weighted
750,mspe_s5_cv_weighted
751,msmpe_s1_cv_weighted
752,msmpe_s2_cv_weighted
753,msmpe_s3_cv_weighted
754,msmpe_s4_cv_weighted
755,msmpe_s5_cv_weighted
756,PE_dw_cv_weighted
757,ds1_s1_cv_weighted
758,ds1_s2_cv_weighted
759,ds1_s3_cv_weighted
760,ds2_s1_cv_weighted
761,ds2_s2_cv_weighted
762,ds2_s3_cv_weighted
763,ds1_diff1_1_cv_weighted
764,ds1_diff1_2_cv_weighted
765,ds2_diff1_1_cv_weighted
766,ds2_diff1_2_cv_weighted
767,ds1_sum_cv_weighted
768,ds2_sum_cv_weighted
769,dmspe_s1_cv_weighted
770,dmspe_s2_cv_weighted
771,dmspe_s3_cv_weighted
772,dmspe_s4_cv_weighted
773,dmspe_s5_cv_weighted
774,dmsmpe_s1_cv_weighted
775,dmsmpe_s2_cv_weighted
776,dmsmpe_s3_cv_weighted
777,dmsmpe_s4_cv_weighted
778,dmsmpe_s5_cv_weighted
779,dPE_dw_cv_weighted
780,dds1_s1_cv_weighted
781,dds1_s2_cv_weighted
782,dds1_s3_cv_weighted
783,dds2_s1_cv_weighted
784,dds2_s2_cv_weighted
785,dds2_s3_cv_weighted
786,dds1_diff1_1_cv_weighted
787,dds1_diff1_2_cv_weighted
788,dds2_diff1_1_cv_weighted
789,dds2_diff1_2_cv_weighted
790,dds1_sum_cv_weighted
791,dds2_sum_cv_weighted
792,total_asym_idx_cv_weighted
